,year,games,rec,yds,tgtsh,ctr,tds,st,age,school,draft,age,college_dom,college_tgts,breakout_age,40,speed,burst,agility,catch,peakPPG,name
0,2015,9,19,318,-,-,7,0,20,Oklahoma,3.22,29.1,18.0%,15.5,--,4.67,108.5,110.8,11.72,9.95,17.7,Mark Andrews
1,2016,12,31,489,-,-,7,0,21,Oklahoma,3.22,29.1,18.0%,15.5,--,4.67,108.5,110.8,11.72,9.95,17.7,Mark Andrews
2,2017,14,62,958,-,-,8,0,22,Oklahoma,3.22,29.1,18.0%,15.5,--,4.67,108.5,110.8,11.72,9.95,17.7,Mark Andrews
0,2018,8,13,174,4.4%,72.2%,3,-,19,Washington,4.01,25.5,31.8%,11.6,21.4,4.78,94.6,,,,8.1,Cade Otton
1,2019,11,32,344,10.5%,74.4%,2,-,20,Washington,4.01,25.5,31.8%,11.6,21.4,4.78,94.6,,,,8.1,Cade Otton
2,2020,4,18,258,18.0%,90.0%,3,-,21,Washington,4.01,25.5,31.8%,11.6,21.4,4.78,94.6,,,,8.1,Cade Otton
3,2021,8,28,250,10.5%,65.1%,1,0,22,Washington,4.01,25.5,31.8%,11.6,21.4,4.78,94.6,,,,8.1,Cade Otton
0,2018,12,26,396,10.8%,60.5%,6,0,19,Oklahoma,6.20,25.9,12.9%,13.7,--,4.62,106.1,,11.39,10.09,3.6,Grant Calcaterra
1,2019,3,5,79,1.6%,62.5%,0,-,20,SMU,6.20,25.9,12.9%,13.7,--,4.62,106.1,,11.39,10.09,3.6,Grant Calcaterra
2,2021,11,38,465,13.5%,60.3%,4,0,22,SMU,6.20,25.9,12.9%,13.7,--,4.62,106.1,,11.39,10.09,3.6,Grant Calcaterra
0,2015,10,21,362,-,-,1,0,19,Miami,1.29,28.3,24.6%,16.2,20.2,4.64,105.6,132.1,11.31,10.31,12.6,David Njoku
1,2016,12,43,698,-,-,8,0,20,Miami,1.29,28.3,24.6%,16.2,20.2,4.64,105.6,132.1,11.31,10.31,12.6,David Njoku
0,2019,1,-,-,-,-,-,-,19,South Dakota State,3.15,23.9,21.7%,12.4,20.8,4.69,105.8,120.5,11.37,10.11,10.2,Tucker Kraft
1,2020,7,7,90,-,-,0,-,20,San Diego State,3.15,23.9,21.7%,12.4,20.8,4.69,105.8,120.5,11.37,10.11,10.2,Tucker Kraft
2,2021,15,65,774,-,-,6,0,21,South Dakota State,3.15,23.9,21.7%,12.4,20.8,4.69,105.8,120.5,11.37,10.11,10.2,Tucker Kraft
3,2022,8,27,348,-,-,3,0,22,South Dakota State,3.15,23.9,21.7%,12.4,20.8,4.69,105.8,120.5,11.37,10.11,10.2,Tucker Kraft
0,2021,15,56,882,20.0%,69.1%,13,0,18,Georgia,1.13,21.8,27.2%,14.2,18.7,4.53,113.3,,,,14.6,Brock Bowers
1,2022,15,63,942,16.1%,79.8%,7,0,19,Georgia,1.13,21.8,27.2%,14.2,18.7,4.53,113.3,,,,14.6,Brock Bowers
2,2023,10,56,713,16.0%,76.7%,6,0,20,Georgia,1.13,21.8,27.2%,14.2,18.7,4.53,113.3,,,,14.6,Brock Bowers
0,2021,1,0,0,-,-,0,-8,18,Texas,4.01,21.5,15.6%,13.3,--,4.69,100.7,,,,4.9,JaTavion Sanders
1,2022,13,54,613,19.0%,70.1%,5,0,19,Texas,4.01,21.5,15.6%,13.3,--,4.69,100.7,,,,4.9,JaTavion Sanders
2,2023,14,45,682,14.6%,65.2%,2,0,20,Texas,4.01,21.5,15.6%,13.3,--,4.69,100.7,,,,4.9,JaTavion Sanders
0,2019,6,15,188,5.1%,71.4%,0,0,18,Iowa,2.03,23.8,25.5%,12.0,20.6,4.59,108.4,122.8,11.16,10.15,14.1,Sam LaPorta
1,2020,8,27,271,21.5%,50.9%,1,0,19,Iowa,2.03,23.8,25.5%,12.0,20.6,4.59,108.4,122.8,11.16,10.15,14.1,Sam LaPorta
2,2021,14,53,670,21.0%,62.4%,3,0,20,Iowa,2.03,23.8,25.5%,12.0,20.6,4.59,108.4,122.8,11.16,10.15,14.1,Sam LaPorta
3,2022,12,58,657,27.0%,61.7%,1,0,21,Iowa,2.03,23.8,25.5%,12.0,20.6,4.59,108.4,122.8,11.16,10.15,14.1,Sam LaPorta
0,2013,3,5,108,-,-,0,0,20,Iowa,5.02,31.0,23.2%,14.3,21.9,4.52,117.7,127.3,10.83,10.35,16.9,George Kittle
1,2014,3,1,25,-,-,0,0,21,Iowa,5.02,31.0,23.2%,14.3,21.9,4.52,117.7,127.3,10.83,10.35,16.9,George Kittle
2,2015,10,20,290,-,-,6,0,22,Iowa,5.02,31.0,23.2%,14.3,21.9,4.52,117.7,127.3,10.83,10.35,16.9,George Kittle
3,2016,9,22,314,-,-,4,0,23,Iowa,5.02,31.0,23.2%,14.3,21.9,4.52,117.7,127.3,10.83,10.35,16.9,George Kittle
0,2013,8,21,268,-,-,3,0,19,Ole Miss,1.23,30.1,29.5%,14.2,22.0,4.42,120.4,125.5,11.15,10.30,13.7,Evan Engram
1,2014,10,38,662,-,-,2,0,20,Ole Miss,1.23,30.1,29.5%,14.2,22.0,4.42,120.4,125.5,11.15,10.30,13.7,Evan Engram
2,2015,12,38,464,-,-,2,0,21,Ole Miss,1.23,30.1,29.5%,14.2,22.0,4.42,120.4,125.5,11.15,10.30,13.7,Evan Engram
3,2016,11,65,926,-,-,8,0,22,Ole Miss,1.23,30.1,29.5%,14.2,22.0,4.42,120.4,125.5,11.15,10.30,13.7,Evan Engram
0,2019,-,-,-,-,-,-,-,20,Utah,1.25,25.0,34.1%,15.8,19.9,4.68,102.0,,,,9.4,Dalton Kincaid
1,2020,1,1,14,1.9%,33.3%,-,0,21,Utah,1.25,25.0,34.1%,15.8,19.9,4.68,102.0,,,,9.4,Dalton Kincaid
2,2021,13,36,510,11.5%,78.3%,8,0,22,Utah,1.25,25.0,34.1%,15.8,19.9,4.68,102.0,,,,9.4,Dalton Kincaid
3,2022,12,70,890,21.7%,72.9%,8,0,23,Utah,1.25,25.0,34.1%,15.8,19.9,4.68,102.0,,,,9.4,Dalton Kincaid
0,2018,3,3,73,1.9%,42.9%,1,0,18,Florida,1.04,24.0,24.1%,15.0,19.9,4.49,123.1,123.1,11.47,10.20,10.4,Kyle Pitts
1,2019,13,54,649,17.0%,68.4%,5,0,19,Florida,1.04,24.0,24.1%,15.0,19.9,4.49,123.1,123.1,11.47,10.20,10.4,Kyle Pitts
2,2020,8,43,770,14.2%,64.2%,12,0,20,Florida,1.04,24.0,24.1%,15.0,19.9,4.49,123.1,123.1,11.47,10.20,10.4,Kyle Pitts
0,2018,6,7,89,2.8%,50.0%,1,0,18,Colorado State,2.23,24.9,46.3%,13.7,20.8,4.61,107.9,116.3,,10.00,11.9,Trey McBride
1,2019,12,45,560,12.2%,83.3%,4,-,19,Colorado State,2.23,24.9,46.3%,13.7,20.8,4.61,107.9,116.3,,10.00,11.9,Trey McBride
2,2020,4,22,330,29.3%,64.7%,4,0,20,Colorado State,2.23,24.9,46.3%,13.7,20.8,4.61,107.9,116.3,,10.00,11.9,Trey McBride
3,2021,12,90,1121,34.0%,67.2%,1,0,21,Colorado State,2.23,24.9,46.3%,13.7,20.8,4.61,107.9,116.3,,10.00,11.9,Trey McBride
0,2017,4,2,14,-,-,0,0,18,Notre Dame,2.11,25.6,20.8%,12.0,20.5,4.70,106.8,126.3,11.85,10.06,12.2,Cole Kmet
1,2018,9,15,162,4.1%,88.2%,0,0,19,Notre Dame,2.11,25.6,20.8%,12.0,20.5,4.70,106.8,126.3,11.85,10.06,12.2,Cole Kmet
2,2019,10,43,515,14.9%,69.4%,6,0,20,Notre Dame,2.11,25.6,20.8%,12.0,20.5,4.70,106.8,126.3,11.85,10.06,12.2,Cole Kmet
0,2018,7,6,75,1.7%,100.0%,0,0,20,Florida,Undrafted,26.3,11.6%,11.9,--,4.69,106.8,121.3,11.53,10.16,3.9,Lucas Krull
1,2019,3,3,33,1.5%,42.9%,0,0,21,Florida,Undrafted,26.3,11.6%,11.9,--,4.69,106.8,121.3,11.53,10.16,3.9,Lucas Krull
2,2020,1,1,6,1.2%,20.0%,0,0,22,Pittsburgh,Undrafted,26.3,11.6%,11.9,--,4.69,106.8,121.3,11.53,10.16,3.9,Lucas Krull
3,2021,14,38,451,11.8%,59.4%,6,0,23,Pittsburgh,Undrafted,26.3,11.6%,11.9,--,4.69,106.8,121.3,11.53,10.16,3.9,Lucas Krull
0,2009,11,1,3,-,-,0,0,20,Cincinnati,3.01,35.0,27.6%,16.0,22.9,4.66,111.1,123.3,11.51,10.14,20.9,Travis Kelce
1,2011,11,13,150,-,-,2,0,22,Cincinnati,3.01,35.0,27.6%,16.0,22.9,4.66,111.1,123.3,11.51,10.14,20.9,Travis Kelce
2,2012,13,45,722,-,-,8,0,23,Cincinnati,3.01,35.0,27.6%,16.0,22.9,4.66,111.1,123.3,11.51,10.14,20.9,Travis Kelce
0,2021,12,2,15,-,-,0,0,19,Kansas State,2.21,22.3,22.5%,13.8,21.2,4.68,103.7,133.0,11.05,10.36,1.2,Ben Sinnott
1,2022,14,31,447,-,-,4,0,20,Kansas State,2.21,22.3,22.5%,13.8,21.2,4.68,103.7,133.0,11.05,10.36,1.2,Ben Sinnott
2,2023,12,49,676,17.9%,64.5%,6,0,21,Kansas State,2.21,22.3,22.5%,13.8,21.2,4.68,103.7,133.0,11.05,10.36,1.2,Ben Sinnott
0,2018,7,12,106,5.3%,85.7%,5,0,18,Coastal Carolina,4.34,24.5,31.4%,15.5,18.4,4.88,87.1,124.5,11.96,9.91,8.6,Isaiah Likely
1,2019,12,32,431,13.8%,69.6%,5,6,19,Coastal Carolina,4.34,24.5,31.4%,15.5,18.4,4.88,87.1,124.5,11.96,9.91,8.6,Isaiah Likely
2,2020,10,30,601,17.4%,60.0%,5,0,20,Coastal Carolina,4.34,24.5,31.4%,15.5,18.4,4.88,87.1,124.5,11.96,9.91,8.6,Isaiah Likely
3,2021,13,59,912,24.3%,75.6%,12,0,21,Coastal Carolina,4.34,24.5,31.4%,15.5,18.4,4.88,87.1,124.5,11.96,9.91,8.6,Isaiah Likely
0,2013,10,28,409,-,-,4,0,18,Arkansas,2.04,29.9,20.1%,14.5,18.7,4.73,100.7,111.6,11.57,9.95,12.3,Hunter Henry
1,2014,12,37,513,-,-,2,0,19,Arkansas,2.04,29.9,20.1%,14.5,18.7,4.73,100.7,111.6,11.57,9.95,12.3,Hunter Henry
2,2015,13,51,739,-,-,3,0,20,Arkansas,2.04,29.9,20.1%,14.5,18.7,4.73,100.7,111.6,11.57,9.95,12.3,Hunter Henry
0,2017,10,24,320,-,-,3,0,20,Iowa,1.08,27.3,24.0%,15.5,21.2,4.70,103.7,127.1,11.20,10.27,14.6,TJ Hockenson
1,2018,13,49,760,16.2%,74.2%,6,0,21,Iowa,1.08,27.3,24.0%,15.5,21.2,4.70,103.7,127.1,11.20,10.27,14.6,TJ Hockenson
0,2016,10,2,70,-,-,0,40,20,Penn State,Undrafted,28.1,17.6%,14.8,23.0,4.58,104.0,119.8,11.31,10.14,8.4,Juwan Johnson
1,2017,13,54,701,-,-,1,16,21,Penn State,Undrafted,28.1,17.6%,14.8,23.0,4.58,104.0,119.8,11.31,10.14,8.4,Juwan Johnson
2,2018,8,25,352,10.8%,61.0%,1,0,22,Penn State,Undrafted,28.1,17.6%,14.8,23.0,4.58,104.0,119.8,11.31,10.14,8.4,Juwan Johnson
3,2019,8,30,467,11.5%,58.8%,4,0,23,Oregon,Undrafted,28.1,17.6%,14.8,23.0,4.58,104.0,119.8,11.31,10.14,8.4,Juwan Johnson
0,2020,3,4,56,2.3%,57.1%,0,0,19,Penn State,4.07,23.6,11.3%,13.8,--,4.57,121.2,131.6,11.34,10.41,3.2,Theo Johnson
1,2021,12,19,213,6.0%,65.5%,1,0,20,Penn State,4.07,23.6,11.3%,13.8,--,4.57,121.2,131.6,11.34,10.41,3.2,Theo Johnson
2,2022,9,20,328,5.7%,83.3%,4,0,21,Penn State,4.07,23.6,11.3%,13.8,--,4.57,121.2,131.6,11.34,10.41,3.2,Theo Johnson
3,2023,12,34,341,12.9%,64.2%,7,0,22,Penn State,4.07,23.6,11.3%,13.8,--,4.57,121.2,131.6,11.34,10.41,3.2,Theo Johnson
0,2010,13,16,190,-,-,5,0,19,Stanford,2.03,33.9,31.8%,13.0,21.8,4.76,97.8,119.1,11.55,10.04,17.5,Zach Ertz
1,2011,10,27,346,-,-,4,0,20,Stanford,2.03,33.9,31.8%,13.0,21.8,4.76,97.8,119.1,11.55,10.04,17.5,Zach Ertz
2,2012,14,69,898,-,-,6,0,21,Stanford,2.03,33.9,31.8%,13.0,21.8,4.76,97.8,119.1,11.55,10.04,17.5,Zach Ertz
0,2013,12,39,388,-,-,2,0,18,Florida International,3.36,29.1,33.0%,11.8,18.0,4.62,106.9,130.0,11.61,10.17,9.4,Jonnu Smith
1,2014,12,61,710,-,-,8,0,19,Florida International,3.36,29.1,33.0%,11.8,18.0,4.62,106.9,130.0,11.61,10.17,9.4,Jonnu Smith
2,2015,8,36,397,-,-,4,0,20,Florida International,3.36,29.1,33.0%,11.8,18.0,4.62,106.9,130.0,11.61,10.17,9.4,Jonnu Smith
3,2016,11,42,506,-,-,4,0,21,Florida International,3.36,29.1,33.0%,11.8,18.0,4.62,106.9,130.0,11.61,10.17,9.4,Jonnu Smith
0,2018,13,36,456,18.4%,65.5%,4,-,19,Wisconsin,4.24,25.7,28.2%,10.0,19.6,4.81,94.1,114.1,11.51,9.92,10.4,Jake Ferguson
1,2019,14,33,407,12.3%,76.7%,2,-,20,Wisconsin,4.24,25.7,28.2%,10.0,19.6,4.81,94.1,114.1,11.51,9.92,10.4,Jake Ferguson
2,2020,7,30,305,21.9%,68.2%,4,-,21,Wisconsin,4.24,25.7,28.2%,10.0,19.6,4.81,94.1,114.1,11.51,9.92,10.4,Jake Ferguson
3,2021,13,46,450,21.7%,70.8%,3,0,22,Wisconsin,4.24,25.7,28.2%,10.0,19.6,4.81,94.1,114.1,11.51,9.92,10.4,Jake Ferguson
0,2016,6,9,70,-,-,1,0,18,Iowa,1.20,26.9,27.0%,14.9,19.8,4.50,120.8,132.6,11.03,10.45,10.0,Noah Fant
1,2017,12,30,494,-,-,11,0,19,Iowa,1.20,26.9,27.0%,14.9,19.8,4.50,120.8,132.6,11.03,10.45,10.0,Noah Fant
2,2018,12,39,519,15.7%,60.9%,7,0,20,Iowa,1.20,26.9,27.0%,14.9,19.8,4.50,120.8,132.6,11.03,10.45,10.0,Noah Fant
0,2017,6,10,97,-,-,4,0,18,Stanford,4.27,25.8,18.7%,11.0,18.7,4.77,100.7,111.4,11.61,10.04,6.8,Colby Parkinson
1,2018,19,29,485,13.3%,51.8%,7,0,19,Stanford,4.27,25.8,18.7%,11.0,18.7,4.77,100.7,111.4,11.61,10.04,6.8,Colby Parkinson
2,2019,12,48,589,20.2%,53.9%,1,0,20,Stanford,4.27,25.8,18.7%,11.0,18.7,4.77,100.7,111.4,11.61,10.04,6.8,Colby Parkinson
0,2015,1,0,0,-,-,0,0,18,LSU,4.35,27.4,12.3%,12.0,--,4.66,106.7,124.4,11.27,10.25,6.2,Foster Moreau
1,2016,7,6,79,-,-,1,0,19,LSU,4.35,27.4,12.3%,12.0,--,4.66,106.7,124.4,11.27,10.25,6.2,Foster Moreau
2,2017,12,24,278,-,-,3,0,20,LSU,4.35,27.4,12.3%,12.0,--,4.66,106.7,124.4,11.27,10.25,6.2,Foster Moreau
3,2018,10,22,272,7.5%,75.9%,2,0,21,LSU,4.35,27.4,12.3%,12.0,--,4.66,106.7,124.4,11.27,10.25,6.2,Foster Moreau
0,2014,13,8,100,-,-,0,0,19,South Dakota State,2.17,29.8,30.7%,14.7,21.7,4.69,106.7,121.8,11.33,10.16,11.8,Dallas Goedert
1,2015,12,26,484,-,-,3,0,20,South Dakota State,2.17,29.8,30.7%,14.7,21.7,4.69,106.7,121.8,11.33,10.16,11.8,Dallas Goedert
2,2016,13,92,1293,-,-,11,0,21,South Dakota State,2.17,29.8,30.7%,14.7,21.7,4.69,106.7,121.8,11.33,10.16,11.8,Dallas Goedert
3,2017,14,72,1111,-,-,7,0,22,South Dakota State,2.17,29.8,30.7%,14.7,21.7,4.69,106.7,121.8,11.33,10.16,11.8,Dallas Goedert
0,2015,10,10,121,-,-,1,0,19,Stanford,4.37,28.3,11.4%,9.6,--,4.75,96.6,116.0,11.40,9.97,12.3,Dalton Schultz
1,2016,12,23,222,-,-,1,0,20,Stanford,4.37,28.3,11.4%,9.6,--,4.75,96.6,116.0,11.40,9.97,12.3,Dalton Schultz
2,2017,11,22,212,-,-,3,0,21,Stanford,4.37,28.3,11.4%,9.6,--,4.75,96.6,116.0,11.40,9.97,12.3,Dalton Schultz
0,2014,2,0,0,-,-,0,0,18,Washington,4.20,28.3,10.3%,13.8,--,4.87,92.7,104.5,11.47,9.74,6.7,Will Dissly
1,2015,6,0,0,-,-,0,0,19,Washington,4.20,28.3,10.3%,13.8,--,4.87,92.7,104.5,11.47,9.74,6.7,Will Dissly
2,2016,6,4,47,-,-,1,0,20,Washington,4.20,28.3,10.3%,13.8,--,4.87,92.7,104.5,11.47,9.74,6.7,Will Dissly
3,2017,10,21,289,-,-,2,0,21,Washington,4.20,28.3,10.3%,13.8,--,4.87,92.7,104.5,11.47,9.74,6.7,Will Dissly
0,2018,12,26,368,12.4%,55.3%,8,0,20,Penn State,2.23,26.0,24.8%,13.8,19.9,4.82,93.7,,,,9.5,Pat Freiermuth
1,2019,13,43,507,17.2%,68.3%,7,0,21,Penn State,2.23,26.0,24.8%,13.8,19.9,4.82,93.7,,,,9.5,Pat Freiermuth
2,2020,4,23,310,12.4%,60.5%,1,0,22,Penn State,2.23,26.0,24.8%,13.8,19.9,4.82,93.7,,,,9.5,Pat Freiermuth
0,2020,4,7,166,5.6%,41.2%,0,0,19,Georgia,3.30,23.2,8.3%,16.2,--,4.64,117.8,115.3,,10.33,3.6,Darnell Washington
1,2021,9,10,154,3.2%,76.9%,1,0,20,Georgia,3.30,23.2,8.3%,16.2,--,4.64,117.8,115.3,,10.33,3.6,Darnell Washington
2,2022,15,28,454,8.4%,68.3%,2,0,21,Georgia,3.30,23.2,8.3%,16.2,--,4.64,117.8,115.3,,10.33,3.6,Darnell Washington
0,2017,4,5,37,-,-,2,0,18,Duke,5.18,25.5,19.7%,8.6,18.4,4.67,99.1,118.8,11.35,10.03,5.4,Noah Gray
1,2018,9,20,234,4.9%,87.0%,1,0,19,Duke,5.18,25.5,19.7%,8.6,18.4,4.67,99.1,118.8,11.35,10.03,5.4,Noah Gray
2,2019,12,51,392,19.2%,70.8%,3,0,20,Duke,5.18,25.5,19.7%,8.6,18.4,4.67,99.1,118.8,11.35,10.03,5.4,Noah Gray
3,2020,10,29,285,11.8%,63.0%,2,0,21,Duke,5.18,25.5,19.7%,8.6,18.4,4.67,99.1,118.8,11.35,10.03,5.4,Noah Gray
0,2019,1,1,4,-,-,1,-,18,Penn State,2.30,23.8,14.5%,13.4,--,4.70,103.2,125.0,11.71,9.98,5.4,Brenton Strange
1,2020,7,17,264,-,-,2,-,19,Penn State,2.30,23.8,14.5%,13.4,--,4.70,103.2,125.0,11.71,9.98,5.4,Brenton Strange
2,2021,11,20,225,-,-,3,2,20,Penn State,2.30,23.8,14.5%,13.4,--,4.70,103.2,125.0,11.71,9.98,5.4,Brenton Strange
3,2022,13,32,362,-,-,5,-,21,Penn State,2.30,23.8,14.5%,13.4,--,4.70,103.2,125.0,11.71,9.98,5.4,Brenton Strange
0,2019,2,2,18,1.2%,40.0%,0,0,19,Oregon State,2.11,24.1,7.5%,14.6,--,4.61,114.4,125.5,11.50,10.19,6.8,Luke Musgrave
1,2020,6,12,142,10.3%,50.0%,0,-,20,Oregon State,2.11,24.1,7.5%,14.6,--,4.61,114.4,125.5,11.50,10.19,6.8,Luke Musgrave
2,2021,12,22,304,11.5%,55.0%,1,74,21,Oregon State,2.11,24.1,7.5%,14.6,--,4.61,114.4,125.5,11.50,10.19,6.8,Luke Musgrave
3,2022,2,11,169,4.6%,73.3%,1,-,22,Oregon State,2.11,24.1,7.5%,14.6,--,4.61,114.4,125.5,11.50,10.19,6.8,Luke Musgrave
0,2018,1,1,6,0.5%,50.0%,0,0,18,UCLA,3.16,24.6,27.3%,18.6,20.4,4.69,99.9,120.5,11.42,10.08,8.6,Greg Dulcich
1,2019,5,8,105,2.6%,72.7%,1,-,19,UCLA,3.16,24.6,27.3%,18.6,20.4,4.69,99.9,120.5,11.42,10.08,8.6,Greg Dulcich
2,2020,7,26,517,20.5%,63.4%,5,0,20,UCLA,3.16,24.6,27.3%,18.6,20.4,4.69,99.9,120.5,11.42,10.08,8.6,Greg Dulcich
3,2021,12,42,725,19.7%,63.6%,5,0,21,UCLA,3.16,24.6,27.3%,18.6,20.4,4.69,99.9,120.5,11.42,10.08,8.6,Greg Dulcich
0,2015,8,6,95,-,-,0,0,20,Central Michigan,5.20,29.2,24.1%,13.9,21.1,4.80,93.9,126.5,11.36,10.17,8.1,Tyler Conklin
1,2016,12,42,560,-,-,6,0,21,Central Michigan,5.20,29.2,24.1%,13.9,21.1,4.80,93.9,126.5,11.36,10.17,8.1,Tyler Conklin
2,2017,8,35,504,-,-,5,0,22,Central Michigan,5.20,29.2,24.1%,13.9,21.1,4.80,93.9,126.5,11.36,10.17,8.1,Tyler Conklin
0,2018,9,6,69,-,-,1,0,19,Maryland,4.38,25.1,15.7%,9.6,--,4.52,112.8,120.6,11.64,10.04,6.7,Chigoziem Okonkwo
1,2019,8,19,201,-,-,2,0,20,Maryland,4.38,25.1,15.7%,9.6,--,4.52,112.8,120.6,11.64,10.04,6.7,Chigoziem Okonkwo
2,2020,1,0,0,-,-,0,0,21,Maryland,4.38,25.1,15.7%,9.6,--,4.52,112.8,120.6,11.64,10.04,6.7,Chigoziem Okonkwo
3,2021,13,52,447,-,-,5,0,22,Maryland,4.38,25.1,15.7%,9.6,--,4.52,112.8,120.6,11.64,10.04,6.7,Chigoziem Okonkwo
0,2018,7,11,137,3.6%,84.6%,3,-,19,Iowa State,4.23,25.7,28.5%,12.8,20.6,4.67,109.6,122.1,11.30,10.32,3.3,Charlie Kolar
1,2019,13,51,697,16.8%,63.0%,7,-,20,Iowa State,4.23,25.7,28.5%,12.8,20.6,4.67,109.6,122.1,11.30,10.32,3.3,Charlie Kolar
2,2020,11,44,591,18.8%,62.9%,7,-,21,Iowa State,4.23,25.7,28.5%,12.8,20.6,4.67,109.6,122.1,11.30,10.32,3.3,Charlie Kolar
3,2021,12,62,756,21.5%,64.6%,6,0,22,Iowa State,4.23,25.7,28.5%,12.8,20.6,4.67,109.6,122.1,11.30,10.32,3.3,Charlie Kolar
0,2012,6,-,-,-,-,-,-,22,BYU,Undrafted,34.1,0.0%,0.0,23.0,4.51,103.5,128.4,11.40,10.16,10.6,Taysom Hill
1,2013,13,-,-,-,-,-,-,23,BYU,Undrafted,34.1,0.0%,0.0,23.0,4.51,103.5,128.4,11.40,10.16,10.6,Taysom Hill
2,2014,5,-,-,-,-,-,-,24,BYU,Undrafted,34.1,0.0%,0.0,23.0,4.51,103.5,128.4,11.40,10.16,10.6,Taysom Hill
3,2015,1,-,-,-,-,-,-,25,BYU,Undrafted,34.1,0.0%,0.0,23.0,4.51,103.5,128.4,11.40,10.16,10.6,Taysom Hill
4,2016,12,-,-,-,-,-,-,26,BYU,Undrafted,34.1,0.0%,0.0,23.0,4.51,103.5,128.4,11.40,10.16,10.6,Taysom Hill
0,2013,13,16,281,-,-,3,0,18,Oregon,Undrafted,29.9,13.5%,16.0,--,4.79,91.8,109.0,11.45,9.88,4.6,Johnny Mundt
1,2014,13,2,29,-,-,0,0,19,Oregon,Undrafted,29.9,13.5%,16.0,--,4.79,91.8,109.0,11.45,9.88,4.6,Johnny Mundt
2,2015,13,5,39,-,-,1,0,20,Oregon,Undrafted,29.9,13.5%,16.0,--,4.79,91.8,109.0,11.45,9.88,4.6,Johnny Mundt
3,2016,8,23,334,-,-,4,0,21,Oregon,Undrafted,29.9,13.5%,16.0,--,4.79,91.8,109.0,11.45,9.88,4.6,Johnny Mundt
0,2016,1,0,0,-,-,0,0,19,Ole Miss,3.32,27.9,4.2%,16.2,--,4.64,109.0,121.4,11.39,10.14,10.9,Dawson Knox
1,2017,8,24,321,-,-,0,0,20,Ole Miss,3.32,27.9,4.2%,16.2,--,4.64,109.0,121.4,11.39,10.14,10.9,Dawson Knox
2,2018,9,15,284,5.5%,62.5%,0,0,21,Ole Miss,3.32,27.9,4.2%,16.2,--,4.64,109.0,121.4,11.39,10.14,10.9,Dawson Knox
0,2020,6,9,166,-,-,1,-,20,Texas,4.31,23.9,21.8%,11.1,22.8,4.62,111.6,123.8,,10.17,0.3,Jared Wiley
1,2021,7,9,67,-,-,2,-,21,Texas,4.31,23.9,21.8%,11.1,22.8,4.62,111.6,123.8,,10.17,0.3,Jared Wiley
2,2022,13,24,245,-,-,4,-,22,TCU,4.31,23.9,21.8%,11.1,22.8,4.62,111.6,123.8,,10.17,0.3,Jared Wiley
3,2023,12,47,520,13.3%,70.2%,8,-,23,TCU,4.31,23.9,21.8%,11.1,22.8,4.62,111.6,123.8,,10.17,0.3,Jared Wiley
0,2014,10,11,114,-,-,0,0,19,Penn State,2.10,29.0,21.5%,9.9,21.9,4.54,118.7,137.1,10.86,10.65,10.6,Mike Gesicki
1,2015,8,13,125,-,-,1,0,20,Penn State,2.10,29.0,21.5%,9.9,21.9,4.54,118.7,137.1,10.86,10.65,10.6,Mike Gesicki
2,2016,14,48,679,-,-,5,0,21,Penn State,2.10,29.0,21.5%,9.9,21.9,4.54,118.7,137.1,10.86,10.65,10.6,Mike Gesicki
3,2017,13,57,563,-,-,9,0,22,Penn State,2.10,29.0,21.5%,9.9,21.9,4.54,118.7,137.1,10.86,10.65,10.6,Mike Gesicki
0,2021,-,-,-,-,-,-,0,21,Ohio State,4.23,24.3,21.1%,14.0,23.2,4.65,105.1,118.9,,10.06,1.7,Cade Stover
1,2022,-,-,-,-,-,-,0,22,Ohio State,4.23,24.3,21.1%,14.0,23.2,4.65,105.1,118.9,,10.06,1.7,Cade Stover
2,2023,-,-,-,13.0%,-,-,0,23,Ohio State,4.23,24.3,21.1%,14.0,23.2,4.65,105.1,118.9,,10.06,1.7,Cade Stover
0,2015,5,8,106,-,-,0,0,22,South Carolina,1.25,31.1,15.6%,12.7,--,4.67,105.9,115.1,11.56,9.96,9.3,Hayden Hurst
1,2016,13,48,616,-,-,1,0,23,South Carolina,1.25,31.1,15.6%,12.7,--,4.67,105.9,115.1,11.56,9.96,9.3,Hayden Hurst
2,2017,13,44,559,-,-,2,0,24,South Carolina,1.25,31.1,15.6%,12.7,--,4.67,105.9,115.1,11.56,9.96,9.3,Hayden Hurst
0,2019,9,0,0,-,-,0,0,-,Old Dominion,Undrafted,0.0,4.9%,9.8,--,4.67,94.5,134.0,11.33,10.28,2.0,Stone Smartt
1,2021,8,17,167,6.2%,65.4%,0,240,-,Old Dominion,Undrafted,0.0,4.9%,9.8,--,4.67,94.5,134.0,11.33,10.28,2.0,Stone Smartt
0,2020,12,42,450,17.0%,68.9%,2,0,19,Notre Dame,2.04,23.3,35.8%,12.1,20.2,4.70,102.9,115.9,11.70,9.92,5.1,Michael Mayer
1,2021,12,71,840,22.0%,71.7%,7,0,20,Notre Dame,2.04,23.3,35.8%,12.1,20.2,4.70,102.9,115.9,11.70,9.92,5.1,Michael Mayer
2,2022,12,67,809,31.1%,63.8%,9,0,21,Notre Dame,2.04,23.3,35.8%,12.1,20.2,4.70,102.9,115.9,11.70,9.92,5.1,Michael Mayer
0,2015,4,4,36,-,-,1,0,18,San Jose State,3.05,27.8,20.6%,12.7,21.7,4.63,109.2,118.0,11.68,10.06,3.1,Josh Oliver
1,2016,4,3,26,-,-,1,0,19,San Jose State,3.05,27.8,20.6%,12.7,21.7,4.63,109.2,118.0,11.68,10.06,3.1,Josh Oliver
2,2017,10,35,296,-,-,1,0,20,San Jose State,3.05,27.8,20.6%,12.7,21.7,4.63,109.2,118.0,11.68,10.06,3.1,Josh Oliver
3,2018,12,56,709,23.3%,53.3%,4,0,21,San Jose State,3.05,27.8,20.6%,12.7,21.7,4.63,109.2,118.0,11.68,10.06,3.1,Josh Oliver
0,2019,2,2,51,1.1%,50.0%,0,0,20,Cincinnati,5.13,25.1,17.7%,11.4,21.0,4.69,106.0,116.1,11.55,10.06,3.5,Josh Whyle
1,2020,10,28,353,11.2%,84.9%,6,0,21,Cincinnati,5.13,25.1,17.7%,11.4,21.0,4.69,106.0,116.1,11.55,10.06,3.5,Josh Whyle
2,2021,14,26,332,10.3%,63.4%,6,0,22,Cincinnati,5.13,25.1,17.7%,11.4,21.0,4.69,106.0,116.1,11.55,10.06,3.5,Josh Whyle
3,2022,12,32,326,13.2%,58.2%,3,0,23,Cincinnati,5.13,25.1,17.7%,11.4,21.0,4.69,106.0,116.1,11.55,10.06,3.5,Josh Whyle
0,2016,6,6,63,-,-,0,0,18,Florida Atlantic,4.09,26.5,26.2%,14.1,19.4,4.73,97.9,111.9,11.78,9.87,4.1,Harrison Bryant
1,2017,10,32,408,-,-,5,0,19,Florida Atlantic,4.09,26.5,26.2%,14.1,19.4,4.73,97.9,111.9,11.78,9.87,4.1,Harrison Bryant
2,2018,12,45,662,18.1%,67.2%,4,0,20,Florida Atlantic,4.09,26.5,26.2%,14.1,19.4,4.73,97.9,111.9,11.78,9.87,4.1,Harrison Bryant
3,2019,13,65,1004,19.9%,65.0%,7,0,21,Florida Atlantic,4.09,26.5,26.2%,14.1,19.4,4.73,97.9,111.9,11.78,9.87,4.1,Harrison Bryant
0,2012,14,8,162,-,-,0,0,20,Georgia Tech,6.28,32.1,32.1%,17.0,22.0,4.46,131.6,127.3,11.32,10.37,17.4,Darren Waller
1,2013,9,17,367,-,-,3,0,21,Georgia Tech,6.28,32.1,32.1%,17.0,22.0,4.46,131.6,127.3,11.32,10.37,17.4,Darren Waller
2,2014,10,26,442,-,-,6,0,22,Georgia Tech,6.28,32.1,32.1%,17.0,22.0,4.46,131.6,127.3,11.32,10.37,17.4,Darren Waller
0,2018,0,0,0,-,-,0,0,18,Notre Dame,3.19,24.4,8.2%,11.5,--,4.70,97.0,124.9,,10.10,3.8,Tommy Tremble
1,2019,9,16,183,6.0%,64.0%,4,0,19,Notre Dame,3.19,24.4,8.2%,11.5,--,4.70,97.0,124.9,,10.10,3.8,Tommy Tremble
2,2020,10,19,218,8.4%,63.3%,0,0,20,Notre Dame,3.19,24.4,8.2%,11.5,--,4.70,97.0,124.9,,10.10,3.8,Tommy Tremble
0,2019,2,2,54,-,-,1,-,21,Michigan,2.27,26.0,15.2%,11.9,--,4.63,110.1,125.6,11.08,10.26,2.3,Luke Schoonmaker
1,2020,0,0,0,-,-,0,-,22,Michigan,2.27,26.0,15.2%,11.9,--,4.63,110.1,125.6,11.08,10.26,2.3,Luke Schoonmaker
2,2021,14,17,165,-,-,3,-,23,Michigan,2.27,26.0,15.2%,11.9,--,4.63,110.1,125.6,11.08,10.26,2.3,Luke Schoonmaker
3,2022,12,35,418,-,-,3,-,24,Michigan,2.27,26.0,15.2%,11.9,--,4.63,110.1,125.6,11.08,10.26,2.3,Luke Schoonmaker
0,2017,9,4,13,-,-,1,884,18,Michigan State,6.30,25.7,12.0%,0.0,19.6,4.72,93.9,,,,2.3,Connor Heyward
1,2018,13,32,249,8.1%,80.0%,0,574,19,Michigan State,6.30,25.7,12.0%,0.0,19.6,4.72,93.9,,,,2.3,Connor Heyward
2,2019,4,7,52,1.9%,77.8%,1,0,20,Michigan State,6.30,25.7,12.0%,0.0,19.6,4.72,93.9,,,,2.3,Connor Heyward
3,2020,7,18,71,8.7%,85.7%,2,0,21,Michigan State,6.30,25.7,12.0%,0.0,19.6,4.72,93.9,,,,2.3,Connor Heyward
4,2021,13,35,326,11.3%,77.8%,2,0,22,Michigan State,6.30,25.7,12.0%,0.0,19.6,4.72,93.9,,,,2.3,Connor Heyward
0,2018,1,1,13,0.2%,100.0%,0,0,18,Ohio State,3.37,24.2,14.7%,11.8,20.1,4.77,97.3,,,,2.2,Jeremy Ruckert
1,2019,9,14,142,5.0%,70.0%,4,0,19,Ohio State,3.37,24.2,14.7%,11.8,20.1,4.77,97.3,,,,2.2,Jeremy Ruckert
2,2020,5,13,151,7.6%,76.5%,5,0,20,Ohio State,3.37,24.2,14.7%,11.8,20.1,4.77,97.3,,,,2.2,Jeremy Ruckert
3,2021,15,26,309,8.1%,65.0%,3,0,21,Ohio State,3.37,24.2,14.7%,11.8,20.1,4.77,97.3,,,,2.2,Jeremy Ruckert
0,2014,12,40,499,-,-,2,0,20,Stanford,3.18,30.0,17.4%,12.9,--,4.72,101.8,116.3,11.32,10.08,14.6,Austin Hooper
1,2015,12,34,438,-,-,6,0,21,Stanford,3.18,30.0,17.4%,12.9,--,4.72,101.8,116.3,11.32,10.08,14.6,Austin Hooper
0,2019,1,0,0,0.2%,0.0%,0,0,19,Stanford,6.20,24.0,22.4%,11.5,20.9,4.54,108.6,124.3,,10.08,3.7,Elijah Higgins
1,2020,4,15,176,10.9%,62.5%,0,0,20,Stanford,6.20,24.0,22.4%,11.5,20.9,4.54,108.6,124.3,,10.08,3.7,Elijah Higgins
2,2021,10,45,500,18.8%,64.3%,4,0,21,Stanford,6.20,24.0,22.4%,11.5,20.9,4.54,108.6,124.3,,10.08,3.7,Elijah Higgins
3,2022,12,59,704,19.1%,70.2%,2,0,22,Stanford,6.20,24.0,22.4%,11.5,20.9,4.54,108.6,124.3,,10.08,3.7,Elijah Higgins
0,2016,12,58,659,-,-,5,0,18,Arizona State,1.32,26.8,43.9%,14.9,18.7,4.53,109.8,126.5,11.33,10.19,5.3,NKeal Harry
1,2017,13,82,1142,-,-,8,26,19,Arizona State,1.32,26.8,43.9%,14.9,18.7,4.53,109.8,126.5,11.33,10.19,5.3,NKeal Harry
2,2018,12,73,1088,28.8%,64.0%,9,304,20,Arizona State,1.32,26.8,43.9%,14.9,18.7,4.53,109.8,126.5,11.33,10.19,5.3,NKeal Harry
0,2010,7,1,2,-,-,1,0,19,Virginia Tech,4.20,33.3,0.0%,0.0,--,4.61,112.1,121.1,11.23,10.33,11.0,Logan Thomas
1,2011,14,-,-,-,-,-,0,20,Virginia Tech,4.20,33.3,0.0%,0.0,--,4.61,112.1,121.1,11.23,10.33,11.0,Logan Thomas
2,2012,13,-,-,-,-,-,0,21,Virginia Tech,4.20,33.3,0.0%,0.0,--,4.61,112.1,121.1,11.23,10.33,11.0,Logan Thomas
3,2013,13,1,9,-,-,0,0,22,Virginia Tech,4.20,33.3,0.0%,0.0,--,4.61,112.1,121.1,11.23,10.33,11.0,Logan Thomas
0,,,,,,,,,,,Undrafted,25.9,2.2%,14.8,--,4.71,103.9,114.1,11.56,9.93,3.7,Brock Wright
1,,,,,,,,,,,Undrafted,25.9,2.2%,14.8,--,4.71,103.9,114.1,11.56,9.93,3.7,Brock Wright
2,,,,,,,,,,,Undrafted,25.9,2.2%,14.8,--,4.71,103.9,114.1,11.56,9.93,3.7,Brock Wright
3,,,,,,,,,,,Undrafted,25.9,2.2%,14.8,--,4.71,103.9,114.1,11.56,9.93,3.7,Brock Wright
0,2014,7,17,292,-,-,1,0,20,UAB,2.12,30.3,31.7%,14.3,21.2,4.62,103.0,128.6,11.32,10.21,9.3,Gerald Everett
1,2015,12,41,575,-,-,8,0,21,South Alabama,2.12,30.3,31.7%,14.3,21.2,4.62,103.0,128.6,11.32,10.21,9.3,Gerald Everett
2,2016,12,49,717,-,-,4,0,22,South Alabama,2.12,30.3,31.7%,14.3,21.2,4.62,103.0,128.6,11.32,10.21,9.3,Gerald Everett
0,2020,4,1,9,-,-,0,-,19,Washington,3.18,23.1,9.5%,9.4,--,4.64,117.8,119.1,11.28,10.14,0.4,Tip Reiman
1,2021,7,6,56,-,-,0,-,20,Washington,3.18,23.1,9.5%,9.4,--,4.64,117.8,119.1,11.28,10.14,0.4,Tip Reiman
2,2022,13,31,342,-,-,1,-,21,Washington,3.18,23.1,9.5%,9.4,--,4.64,117.8,119.1,11.28,10.14,0.4,Tip Reiman
3,2023,15,46,433,4.4%,184.0%,4,-,22,Washington,3.18,23.1,9.5%,9.4,--,4.64,117.8,119.1,11.28,10.14,0.4,Tip Reiman
0,2017,9,29,415,-,-,11,0,19,Missouri,4.12,26.5,28.3%,13.0,19.4,4.49,129.6,,,,5.4,Albert Okwuegbunam
1,2018,9,43,466,13.1%,72.9%,6,0,20,Missouri,4.12,26.5,28.3%,13.0,19.4,4.49,129.6,,,,5.4,Albert Okwuegbunam
2,2019,9,26,306,12.8%,54.2%,6,0,21,Missouri,4.12,26.5,28.3%,13.0,19.4,4.49,129.6,,,,5.4,Albert Okwuegbunam
0,2013,11,-,-,-,-,-,0,19,Indiana State,Undrafted,30.5,38.0%,12.5,21.4,4.63,103.5,123.8,11.46,10.13,11.0,Robert Tonyan
1,2014,13,54,747,-,-,4,0,20,Indiana State,Undrafted,30.5,38.0%,12.5,21.4,4.63,103.5,123.8,11.46,10.13,11.0,Robert Tonyan
2,2015,11,40,601,-,-,6,0,21,Indiana State,Undrafted,30.5,38.0%,12.5,21.4,4.63,103.5,123.8,11.46,10.13,11.0,Robert Tonyan
3,2016,11,56,699,-,-,10,0,22,Indiana State,Undrafted,30.5,38.0%,12.5,21.4,4.63,103.5,123.8,11.46,10.13,11.0,Robert Tonyan
0,2018,6,7,120,1.6%,87.5%,2,0,20,Oklahoma State,3.09,26.0,34.6%,13.6,22.9,4.61,115.4,130.1,11.28,10.41,5.0,Jelani Woods
1,2019,9,16,112,6.9%,64.0%,1,0,21,Oklahoma State,3.09,26.0,34.6%,13.6,22.9,4.61,115.4,130.1,11.28,10.41,5.0,Jelani Woods
2,2020,7,8,129,4.8%,50.0%,1,-,22,Oklahoma State,3.09,26.0,34.6%,13.6,22.9,4.61,115.4,130.1,11.28,10.41,5.0,Jelani Woods
3,2021,11,44,598,12.7%,62.9%,8,0,23,Virginia,3.09,26.0,34.6%,13.6,22.9,4.61,115.4,130.1,11.28,10.41,5.0,Jelani Woods
0,2011,11,2,92,-,-,1,0,18,Western Kentucky,4.12,31.8,15.6%,13.9,22.7,4.67,106.9,,,,11.5,Tyler Higbee
1,2013,5,13,169,-,-,1,0,20,Western Kentucky,4.12,31.8,15.6%,13.9,22.7,4.67,106.9,,,,11.5,Tyler Higbee
2,2014,6,15,230,-,-,4,0,21,Western Kentucky,4.12,31.8,15.6%,13.9,22.7,4.67,106.9,,,,11.5,Tyler Higbee
3,2015,9,38,563,-,-,8,0,22,Western Kentucky,4.12,31.8,15.6%,13.9,22.7,4.67,106.9,,,,11.5,Tyler Higbee
0,2011,12,6,83,-,-,2,0,19,UTEP,Undrafted,32.5,9.6%,10.1,--,4.98,87.3,108.4,12.00,9.74,3.3,Eric Tomlinson
1,2012,10,4,26,-,-,0,0,20,UTEP,Undrafted,32.5,9.6%,10.1,--,4.98,87.3,108.4,12.00,9.74,3.3,Eric Tomlinson
2,2013,10,30,304,-,-,1,0,21,UTEP,Undrafted,32.5,9.6%,10.1,--,4.98,87.3,108.4,12.00,9.74,3.3,Eric Tomlinson
3,2014,8,19,134,-,-,1,0,22,UTEP,Undrafted,32.5,9.6%,10.1,--,4.98,87.3,108.4,12.00,9.74,3.3,Eric Tomlinson
0,2019,5,5,53,1.2%,83.3%,0,-,18,Clemson,5.41,23.7,17.2%,11.4,--,4.84,91.2,129.9,11.76,10.12,1.7,Davis Allen
1,2020,11,16,247,4.1%,80.0%,4,-,19,Clemson,5.41,23.7,17.2%,11.4,--,4.84,91.2,129.9,11.76,10.12,1.7,Davis Allen
2,2021,13,28,208,9.7%,70.0%,3,-,20,Clemson,5.41,23.7,17.2%,11.4,--,4.84,91.2,129.9,11.76,10.12,1.7,Davis Allen
3,2022,14,39,443,10.9%,75.0%,5,-,21,Clemson,5.41,23.7,17.2%,11.4,--,4.84,91.2,129.9,11.76,10.12,1.7,Davis Allen
0,2014,10,12,135,-,-,0,0,22,UCF,3.34,32.5,28.2%,13.1,23.4,4.84,89.1,122.3,11.67,9.93,7.8,Jordan Akins
1,2015,3,14,152,-,-,2,0,23,UCF,3.34,32.5,28.2%,13.1,23.4,4.84,89.1,122.3,11.67,9.93,7.8,Jordan Akins
2,2016,10,23,347,-,-,2,0,24,UCF,3.34,32.5,28.2%,13.1,23.4,4.84,89.1,122.3,11.67,9.93,7.8,Jordan Akins
3,2017,11,32,515,-,-,4,0,25,UCF,3.34,32.5,28.2%,13.1,23.4,4.84,89.1,122.3,11.67,9.93,7.8,Jordan Akins
0,2013,11,47,549,-,-,2,0,19,Drake,5.31,30.5,31.6%,13.9,20.4,4.74,101.0,118.3,11.93,9.91,2.2,Eric Saubert
1,2014,8,32,348,-,-,2,0,20,Drake,5.31,30.5,31.6%,13.9,20.4,4.74,101.0,118.3,11.93,9.91,2.2,Eric Saubert
2,2015,11,55,580,-,-,7,0,21,Drake,5.31,30.5,31.6%,13.9,20.4,4.74,101.0,118.3,11.93,9.91,2.2,Eric Saubert
3,2016,11,56,776,-,-,10,0,22,Drake,5.31,30.5,31.6%,13.9,20.4,4.74,101.0,118.3,11.93,9.91,2.2,Eric Saubert
0,2013,5,7,69,-,-,0,0,20,UTSA,6.13,31.4,26.9%,12.6,22.3,5.02,82.1,110.0,11.12,9.93,3.2,David Morgan
1,2014,7,20,255,-,-,1,0,21,UTSA,6.13,31.4,26.9%,12.6,22.3,5.02,82.1,110.0,11.12,9.93,3.2,David Morgan
2,2015,12,45,566,-,-,5,0,22,UTSA,6.13,31.4,26.9%,12.6,22.3,5.02,82.1,110.0,11.12,9.93,3.2,David Morgan
0,2017,8,11,219,-,-,1,0,20,LSU,7.37,27.9,9.2%,13.3,--,4.66,106.0,125.4,12.13,10.08,2.2,Stephen Sullivan
1,2018,10,23,363,10.3%,57.5%,2,0,21,LSU,7.37,27.9,9.2%,13.3,--,4.66,106.0,125.4,12.13,10.08,2.2,Stephen Sullivan
2,2019,6,12,130,2.5%,85.7%,0,0,22,LSU,7.37,27.9,9.2%,13.3,--,4.66,106.0,125.4,12.13,10.08,2.2,Stephen Sullivan
0,2017,11,23,414,-,-,5,0,20,Stanford,6.03,27.5,16.7%,15.8,--,4.92,87.7,110.0,11.55,9.88,2.0,Kaden Smith
1,2018,9,47,635,16.2%,69.1%,2,0,21,Stanford,6.03,27.5,16.7%,15.8,--,4.92,87.7,110.0,11.55,9.88,2.0,Kaden Smith
0,2013,1,0,0,-,-,0,0,19,Toledo,4.21,30.4,23.7%,11.8,22.3,4.86,96.3,107.5,11.56,9.82,4.6,Michael Roberts
1,2014,2,4,65,-,-,2,0,20,Toledo,4.21,30.4,23.7%,11.8,22.3,4.86,96.3,107.5,11.56,9.82,4.6,Michael Roberts
2,2015,11,21,234,-,-,4,0,21,Toledo,4.21,30.4,23.7%,11.8,22.3,4.86,96.3,107.5,11.56,9.82,4.6,Michael Roberts
3,2016,13,45,533,-,-,16,0,22,Toledo,4.21,30.4,23.7%,11.8,22.3,4.86,96.3,107.5,11.56,9.82,4.6,Michael Roberts
